Id,NAME,OWNERSHIP,ADDRESS,CITY,STATE_HEADQUARTERED,ZIP,PHONE,AMOUNT_COVERED,AMOUNT_UNCOVERED,REVENUE,COVERED_ENCOUNTERS,UNCOVERED_ENCOUNTERS,COVERED_MEDICATIONS,UNCOVERED_MEDICATIONS,COVERED_PROCEDURES,UNCOVERED_PROCEDURES,COVERED_IMMUNIZATIONS,UNCOVERED_IMMUNIZATIONS,UNIQUE_CUSTOMERS,QOLS_AVG,MEMBER_MONTHS
734afbd6-4794-363b-9bc0-6a3981533ed5,Anthem,PRIVATE,,,,,,50901062.18,5617004.55,32552182.15,12321,0,5456,0,17764,0,5858,0,144,0.9096581995000704,56316
d31fccc3-1767-390d-966a-22a5156f4219,UnitedHealthcare,PRIVATE,,,,,,61088158.80,6287665.30,35680685.63,13894,0,5363,0,21427,0,6702,0,173,0.9260249523447902,61848
a735bf55-83e9-331a-899d-a82a60b9f60c,Medicare,GOVERNMENT,,,,,,114188381.42,3513622.51,9070072.20,32497,0,52509,0,27466,0,5669,0,296,0.64166516112309,54180
b046940f-1664-3047-bca7-dfa76be352a4,Blue Cross Blue Shield,PRIVATE,,,,,,87989814.15,6312320.62,44324405.10,14436,0,4723,0,22297,0,6935,0,428,0.5228661805892957,113328
d18ef2e6-ef40-324c-be54-34a5ee865625,Dual Eligible,GOVERNMENT,,,,,,25534901.91,260745.77,74290.00,3839,0,5227,0,3738,0,733,0,48,0.6313005347679232,7536
8fa6c185-e44e-3e34-8bd8-39be8694f4ce,Cigna Health,PRIVATE,,,,,,50661270.12,5355567.96,32084400.77,11744,0,4267,0,17048,0,6142,0,152,0.9352601258987769,55488
df166300-5a78-3502-a46a-832842197811,Medicaid,GOVERNMENT,,,,,,84692541.76,1396544.08,626220.00,16322,0,5105,0,23736,0,6872,0,278,0.8802725757958845,62100
26aab0cd-6aba-3e1b-ac5b-05c8867e762c,Humana,PRIVATE,,,,,,40569868.62,4517024.02,27497959.50,10175,0,3578,0,14727,0,5082,0,134,0.9257227186710832,47628
0133f751-9229-3cfd-815f-b6d4979bdd6a,Aetna,PRIVATE,,,,,,52226168.77,5234951.45,30928739.40,12263,0,3988,0,17312,0,5789,0,156,0.930025157114601,53592
b1c428d6-4f07-31e0-90f0-68ffa6ff8c76,NO_INSURANCE,NO_INSURANCE,,,,,,0.00,179517905.16,0.00,0,29878,0,22298,0,40016,0,10159,282,0.9311517551590613,101112
